{
  "numero": "12964",
  "cliente": "Ricardo Vantini",
  "data": "2025-05-22",
  "observacoes": "DISPONIBILIDADE EM MÉDIA DE 20 DIAS ÚTEIS",
  "itens": [
    {
      "sku": "PEDIDO NORD 720 8",
      "nome": "Fonte de Alimentação DC12V 2A 24W",
      "quantidade": 17
    },
    {
      "sku": "PEDIDO NORD-723 2",
      "nome": "Sensor de Abertura de Porta 2m",
      "quantidade": 10
    },
    {
      "sku": "PEDIDO NORD 723 3",
      "nome": "Sensor de Abertura 2 Portas 2m",
      "quantidade": 7
    },
    {
      "sku": "ConectorFTLED",
      "nome": "Conector com Rabicho para Fita Led",
      "quantidade": 20
    }
  ]
}
